,x_pos,y_pos,log,reboot
7,2570,0000,,True
23,2890,0000,,True
25,2930,0000,FlagBegin;-131071;-196606;-327676;0;-1114096;-2162656;-4259776;-8454016;-16842496;-33619456;FlagEnd,True
31,3050,0000,FlagBegin;-131071;-196606;-327676;-589816;-1114096;-2162656;-4259776;-8454016;-16842496;-33619456;FlagEnd,True
39,3210,0000,FlagBegin;-131071;-196606;-32767FlagBegin;-131071;-196606;-327676;-589816;-1114096;-2162656;-4259776;-8454016;-16842496;-33619456;FlagEnd
141,5250,0000,816;-1114096;-2162656;-4259776;-8454016;-16842496;-33619456;FlagEnd
145,5330,0000,,True
152,5470,0000,FlagBegin;-131071;-196606;-327676;-589816;-1114096;-2162656;-4259776;-8454016;-16842496;-33619456;FlagEnd,True
161,5650,0000,,True
166,5750,0000,FlagBegin;-131071;-196606;-327676;-589816;-1114096;-2162656;-4259776;-8454016;-16842496;-33619456;FlagEnd,True
240,3270,0020,,True
319,4850,0020,,True
339,5250,0020,,True
424,2990,0040,FlagBegin;-131071;-196606;-327676;-589816;-1114096;-2162656;-4259776;-8454016;-16842496;-33619456;FlagEnd,True
457,3650,0040,,True
598,2510,0060,FlagBegin;-131071;-196606;-327676;-589816;-1114096;-2162656;-4259776;-8454016;-16842496;-33619456;FlagEnd,True
608,2710,0060,,True
690,4350,0060,FlagBegin;-131071;-196606;-327676;-589816;-1114096;-2162656;-4259776;-8454016;-16842496;-33619456;FlagEnd,True
692,4390,0060,FlagBegin;-131071;-196606;-327676;-589816;-1114096;-2162656;-4259776;-8454016;-16842496;-33619456;FlagEnd,True
720,4950,0060,FlagBegin;-131071;-196606;-327676;-589816;-1114096;-2162656;-4259776;-8454016;-16842496;-33619456;FlagEnd,True
723,5010,0060,,True
735,5250,0060,,True
800,2590,0080,FlagBegin;-131071;-196606;-327676;-589816;-1114096;-2162656;-4259776;-845,True
806,2710,0080,,True
933,5250,0080,FlagBegin;-131071;-196606;-327676;-589816;-1114096;-2162656;-4259776;-8454016;-16842496;-33619456;FlagEnd,True
969,5970,0080,,True
1015,2930,0100,,True
1072,4070,0100,FlagBegin;-131071;-196606;-327676;-589816;-1114096;-2162656;-4259776;-8454016;-16842496;-33619456;FlagEnd,True
1159,5810,0100,FlagBegin;-131071;-196606;-327676;-589816;-1114096;-4325312;-4259776;-8454016;-16842496;-33619456;FlagEnd
1160,5830,0100,FlagBegin;-131071;-196606;-327676;-589816;-1114096;1610612752;-4259776;-8454016;-16842496;-33619456;FlagEnd
1161,5850,0100,FlagBegin;-131071;-196606;-327676;-589816;-1114096;1610612752;-4259776;-8454016;-16842496;-33619456;FlagEnd
1162,5870,0100,FlagBegin;-131071;-196606;-327676;-589816;-1114096;1610612752;-4259776;-8454016;-16842496;-33619456;FlagEnd
1163,5890,0100,FlagBegin;-131071;-196606;-327676;-589816;-1114096;1610612752;-4259776;-8454016;-16842496;-33619456;FlagEnd
1164,5910,0100,FlagBegin;-131071;-196606;-327676;-589816;-1114096;1610612752;-4259776;-8454016;-16842496;-33619456;FlagEnd
1165,5930,0100,FlagBegin;-131071;-196606;-327676;-589816;-1114096;1610612752;-4259776;-8454016;-16842496;-33619456;FlagEnd
1166,5950,0100,FlagBegin;-131071;-196606;-327676;-589816;-1114096;1610612752;-4259776;-8454016;-16842496;-33619456;FlagEnd
1167,5970,0100,FlagBegin;-131071;-196606;-327676;-589816;-1114096;1610612752;-4259776;-8454016;-16842496;-33619456;FlagEnd
1168,5990,0100,FlagBegin;-131071;-196606;-327676;-589816;-1114096;1610612752;-4259776;-8454016;-16842496;-33619456;FlagEnd
1169,6010,0100,FlagBegin;-131071;-196606;-327676;-589816;-1114096;1610612752;-4259776;-8454016;-16842496;-33619456;FlagEnd
1170,6030,0100,FlagBegin;-131071;-196606;-327676;-589816;-1114096;1610612752;-4259776;-8454016;-16842496;-33619456;FlagEnd
1171,6050,0100,FlagBegin;-131071;-196606;-327676;-589816;-1114096;1610612752;-4259776;-8454016;-16842496;-33619456;FlagEnd
1172,6070,0100,FlagBegin;-131071;-196606;-327676;-589816;-1114096;1610612752;-4259776;-8454016;-16842496;-33619456;FlagEnd
1173,6090,0100,FlagBegin;-131071;-196606;-327676;-589816;-1114096;1610612752;-4259776;-8454016;-16842496;-33619456;FlagEnd
1174,6110,0100,FlagBegin;-131071;-196606;-327676;-589816;-1114096;1610612752;-4259776;-8454016;-16842496;-33619456;FlagEnd
1175,6130,0100,FlagBegin;-131071;-196606;-327676;-589816;-1114096;1610612752;-4259776;-8454016;-16842496;-33619456;FlagEnd
1176,6150,0100,FlagBegin;-131071;-196606;-327676;-589816;-1114096;1610612752;-4259776;-8454016;-16842496;-33619456;FlagEnd
1177,6170,0100,FlagBegin;-131071;-196606;-327676;-589816;-1114096;1610612752;-4259776;-8454016;-16842496;-33619456;FlagEnd
1178,6190,0100,FlagBegin;-131071;-196606;-327676;-589816;-1114096;1610612752;-4259776;-8454016;-16842496;-33619456;FlagEnd
1179,6210,0100,FlagBegin;-131071;-196606;-327676;-589816;-1114096;1610612752;-4259776;-8454016;-16842496;-33619456;FlagEnd
1180,6230,0100,FlagBegin;-131071;-196606;-327676;-589816;-1114096;1610612752;-4259776;-8454016;-16842496;-33619456;FlagEnd
1181,6250,0100,FlagBegin;-131071;-196606;-327676;-589816;-1114096;1610612752;-4259776;-8454016;-16842496;-33619456;FlagEnd
1182,6270,0100,FlagBegin;-131071;-196606;-327676;-589816;-1114096;1610612752;-4259776;-8454016;-16842496;-33619456;FlagEnd
1183,6290,0100,FlagBegin;-131071;-196606;-327676;-589816;-1114096;1610612752;-4259776;-8454016;-16842496;-33619456;FlagEnd
1184,6310,0100,FlagBegin;-131071;-196606;-327676;-589816;-1114096;1610612752;-4259776;-8454016;-16842496;-33619456;FlagEnd
1185,6330,0100,FlagBegin;-131071;-196606;-327676;-589816;-1114096;1610612752;-4259776;-8454016;-16842496;-33619456;FlagEnd
1186,6350,0100,FlagBegin;-131071;-196606;-327676;-589816;-1114096;1610612752;-4259776;-8454016;-16842496;-33619456;FlagEnd
1187,6370,0100,FlagBegin;-131071;-196606;-327676;-589816;-1114096;1610612752;-4259776;-8454016;-16842496;-33619456;FlagEnd
1188,6390,0100,FlagBegin;-131071;-196606;-327676;-589816;-1114096;1610612752;-4259776;-8454016;-16842496;-33619456;FlagEnd
1189,2450,0120,FlagBegin;-131071;-196606;-327676;-589816;-1114096;1610612752;-4259776;-8454016;-16842496;-33619456;FlagEnd
1190,2470,0120,FlagBegin;-131071;-196606;-327676;-589816;-1114096;1610612752;-4259776;-8454016;-16842496;-33619456;FlagEnd
1191,2490,0120,FlagBegin;-131071;-196606;-327676;-589816;-1114096;1610612752;-4259776;-8454016;-16842496;-33619456;FlagEnd
1192,2510,0120,FlagBegin;-131071;-196606;-327676;-589816;-1114096;1610612752;-4259776;-8454016;-16842496;-33619456;FlagEnd
1193,2530,0120,FlagBegin;-131071;-196606;-327676;-589816;-1114096;1610612752;-4259776;-8454016;-16842496;-33619456;FlagEnd
1194,2550,0120,FlagBegin;-131071;-196606;-327676;-589816;-1114096;1610612752;-4259776;-8454016;-16842496;-33619456;FlagEnd
1195,2570,0120,FlagBegin;-131071;-196606;-327676;-589816;-1114096;1610612752;-4259776;-8454016;-16842496;-33619456;FlagEnd
1196,2590,0120,FlagBegin;-131071;-196606;-327676;-589816;-1114096;1610612752;-4259776;-8454016;-16842496;-33619456;FlagEnd
1197,2610,0120,FlagBegin;-131071;-196606;-327676;-589816;-1114096;1610612752;-4259776;-8454016;-16842496;-33619456;FlagEnd
1198,2630,0120,FlagBegin;-131071;-196606;-327676;-589816;-1114096;1610612752;-4259776;-8454016;-16842496;-33619456;FlagEnd
1199,2650,0120,FlagBegin;-131071;-196606;-327676;-589816;-1114096;1610612752;-4259776;-8454016;-16842496;-33619456;FlagEnd
1200,2670,0120,FlagBegin;-131071;-196606;-327676;-589816;-1114096;1610612752;-4259776;-8454016;-16842496;-33619456;FlagEnd
1201,2690,0120,FlagBegin;-131071;-196606;-327676;-589816;-1114096;1610612752;-4259776;-8454016;-16842496;-33619456;FlagEnd
1202,2710,0120,FlagBegin;-131071;-196606;-327676;-589816;-1114096;1610612752;-4259776;-8454016;-16842496;-33619456;FlagEnd
1203,2730,0120,FlagBegin;-131071;-196606;-327676;-589816;-1114096;1610612752;-4259776;-8454016;-16842496;-33619456;FlagEnd
1204,2750,0120,FlagBegin;-131071;-196606;-327676;-589816;-1114096;1610612752;-4259776;-8454016;-16842496;-33619456;FlagEnd
1205,2770,0120,FlagBegin;-131071;-196606;-327676;-589816;-1114096;1610612752;-4259776;-8454016;-16842496;-33619456;FlagEnd
1206,2790,0120,FlagBegin;-131071;-196606;-327676;-589816;-1114096;1610612752;-4259776;-8454016;-16842496;-33619456;FlagEnd
1207,2810,0120,FlagBegin;-131071;-196606;-327676;-589816;-1114096;1610612752;-4259776;-8454016;-16842496;-33619456;FlagEnd
1208,2830,0120,FlagBegin;-131071;-196606;-327676;-589816;-1114096;1610612752;-4259776;-8454016;-16842496;-33619456;FlagEnd
1209,2850,0120,FlagBegin;-131071;-196606;-327676;-589816;-1114096;1610612752;-4259776;-8454016;-16842496;-33619456;FlagEnd
1210,2870,0120,FlagBegin;-131071;-196606;-327676;-589816;-1114096;1610612752;-4259776;-8454016;-16842496;-33619456;FlagEnd
1211,2890,0120,FlagBegin;-131071;-196606;-327676;-589816;-1114096;1610612752;-4259776;-8454016;-16842496;-33619456;FlagEnd
1212,2910,0120,FlagBegin;-131071;-196606;-327676;-589816;-1114096;1610612752;-4259776;-8454016;-16842496;-33619456;FlagEnd
1213,2930,0120,FlagBegin;-131071;-196606;-327676;-589816;-1114096;1610612752;-4259776;-8454016;-16842496;-33619456;FlagEnd
1214,2950,0120,FlagBegin;-131071;-196606;-327676;-589816;-1114096;1610612752;-4259776;-8454016;-16842496;-33619456;FlagEnd
1215,2970,0120,FlagBegin;-131071;-196606;-327676;-589816;-1114096;1610612752;-4259776;-8454016;-16842496;-33619456;FlagEnd
1216,2990,0120,FlagBegin;-131071;-196606;-327676;-589816;-1114096;1610612752;-4259776;-8454016;-16842496;-33619456;FlagEnd
1217,3010,0120,FlagBegin;-131071;-196606;-327676;-589816;-1114096;1610612752;-4259776;-8454016;-16842496;-33619456;FlagEnd
1218,3030,0120,FlagBegin;-131071;-196606;-327676;-589816;-1114096;1610612752;-4259776;-8454016;-16842496;-33619456;FlagEnd
1219,3050,0120,FlagBegin;-131071;-196606;-327676;-589816;-1114096;1610612752;-4259776;-8454016;-16842496;-33619456;FlagEnd
1220,3070,0120,FlagBegin;-131071;-196606;-327676;-589816;-1114096;1610612752;-4259776;-8454016;-16842496;-33619456;FlagEnd
1221,3090,0120,FlagBegin;-131071;-196606;-327676;-589816;-1114096;1610612752;-4259776;-8454016;-16842496;-33619456;FlagEnd
1222,3110,0120,FlagBegin;-131071;-196606;-327676;-589816;-1114096;1610612752;-4259776;-8454016;-16842496;-33619456;FlagEnd
1223,3130,0120,FlagBegin;-131071;-196606;-327676;-589816;-1114096;1610612752;-4259776;-8454016;-16842496;-33619456;FlagEnd
1224,3150,0120,FlagBegin;-131071;-196606;-327676;-589816;-1114096;1610612752;-4259776;-8454016;-16842496;-33619456;FlagEnd
1225,3170,0120,FlagBegin;-131071;-196606;-327676;-589816;-1114096;1610612752;-4259776;-8454016;-16842496;-33619456;FlagEnd
1226,3190,0120,FlagBegin;-131071;-196606;-327676;-589816;-1114096;1610612752;-4259776;-8454016;-16842496;-33619456;FlagEnd
1227,3210,0120,FlagBegin;-131071;-196606;-327676;-589816;-1114096;1610612752;-4259776;-8454016;-16842496;-33619456;FlagEnd
1228,3230,0120,FlagBegin;-131071;-196606;-327676;-589816;-1114096;1610612752;-4259776;-8454016;-16842496;-33619456;FlagEnd
1229,3250,0120,FlagBegin;-131071;-196606;-327676;-589816;-1114096;1610612752;-4259776;-8454016;-16842496;-33619456;FlagEnd
1230,3270,0120,FlagBegin;-131071;-196606;-327676;-589816;-1114096;1610612752;-4259776;-8454016;-16842496;-33619456;FlagEnd
1231,3290,0120,FlagBegin;-131071;-196606;-327676;-589816;-1114096;1610612752;-4259776;-8454016;-16842496;-33619456;FlagEnd
1232,3310,0120,FlagBegin;-131071;-196606;-327676;-589816;-1114096;1610612752;-4259776;-8454016;-16842496;-33619456;FlagEnd
1233,3330,0120,FlagBegin;-131071;-196606;-327676;-589816;-1114096;1610612752;-4259776;-8454016;-16842496;-33619456;FlagEnd
1234,3350,0120,FlagBegin;-131071;-196606;-327676;-589816;-1114096;1610612752;-4259776;-8454016;-16842496;-33619456;FlagEnd
1235,3370,0120,FlagBegin;-131071;-196606;-327676;-589816;-1114096;1610612752;-4259776;-8454016;-16842496;-33619456;FlagEnd
1236,3390,0120,FlagBegin;-131071;-196606;-327676;-589816;-1114096;1610612752;-4259776;-8454016;-16842496;-33619456;FlagEnd
1237,3410,0120,FlagBegin;-131071;-196606;-327676;-589816;-1114096;1610612752;-4259776;-8454016;-16842496;-33619456;FlagEnd
1238,3430,0120,FlagBegin;-131071;-196606;-327676;-589816;-1114096;1610612752;-4259776;-8454016;-16842496;-33619456;FlagEnd
1239,3450,0120,FlagBegin;-131071;-196606;-327676;-589816;-1114096;1610612752;-4259776;-8454016;-16842496;-33619456;FlagEnd
1240,3470,0120,FlagBegin;-131071;-196606;-327676;-589816;-1114096;1610612752;-4259776;-8454016;-16842496;-33619456;FlagEnd
1241,3490,0120,FlagBegin;-131071;-196606;-327676;-589816;-1114096;1610612752;-4259776;-8454016;-16842496;-33619456;FlagEnd
1242,3510,0120,FlagBegin;-131071;-196606;-327676;-589816;-1114096;1610612752;-4259776;-8454016;-16842496;-33619456;FlagEnd
1243,3530,0120,FlagBegin;-131071;-196606;-327676;-589816;-1114096;1610612752;-4259776;-8454016;-16842496;-33619456;FlagEnd
1244,3550,0120,FlagBegin;-131071;-196606;-327676;-589816;-1114096;1610612752;-4259776;-8454016;-16842496;-33619456;FlagEnd
1245,3570,0120,FlagBegin;-131071;-196606;-327676;-589816;-1114096;1610612752;-4259776;-8454016;-16842496;-33619456;FlagEnd
1246,3590,0120,FlagBegin;-131071;-196606;-327676;-589816;-1114096;1610612752;-4259776;-8454016;-16842496;-33619456;FlagEnd
1247,3610,0120,FlagBegin;-131071;-196606;-327676;-589816;-1114096;1610612752;-4259776;-8454016;-16842496;-33619456;FlagEnd
1248,3630,0120,FlagBegin;-131071;-196606;-327676;-589816;-1114096;1610612752;-4259776;-8454016;-16842496;-33619456;FlagEnd
1249,3650,0120,FlagBegin;-131071;-196606;-327676;-589816;-1114096;1610612752;-4259776;-8454016;-16842496;-33619456;FlagEnd
1253,3730,0120,FlagBegin;-131071;-196606;-327676;-589816;-1114096;-2162656;-4259776;-8454016;-16842496;-33619456;FlagEnd,True
1255,3770,0120,FlagBegin;-131071;-196606;-327676;-589816;-1114096;-2162656;-4259776;-8454016;-16842496;-33619456;FlagEnd,True
1257,3810,0120,FlagBegin;-131071;-196606;-327676;-589816;-1114096;-2162656;-4259776;-8454016;-16842496;-33619456;FlagEnd,True
1260,3870,0120,FlagBegin;-131071;-196606;-327676;-589816;-1114096;-2162656;-4259776;-8454016;-16842496;-33619456;FlagEnd,True
1269,4050,0120,,True
1270,4070,0120,,True
1281,4290,0120,FlagBegin;-131071;-196606;-327676;-589816;-1114096;-2162656;-4259776;-8454016;-16842496;-33619456;FlagEnd,True
1312,4910,0120,FlagBegin;-131071;-196606;-327676;-589816;-1114096;-2162656;-4259776;-8454016;-16842496;-33619456;FlagEnd,True
1316,4990,0120,FlagBegin;-131071;-196606;-327676;-589816;-1114096;-65502;-4259776;-8454016;-16842496;-33619456;FlagEnd
1317,5010,0120,FlagBegin;-131071;-196606;-327676;-589816;-1114096;-65502;-4259776;-8454016;-16842496;-33619456;FlagEnd
1318,5030,0120,FlagBegin;-131071;-196606;-327676;-589816;-1114096;-65502;-4259776;-8454016;-16842496;-33619456;FlagEnd
1321,5090,0120,FlagBegin;-131071;-196606;-327676;-589816;-1114096;-2162656;-4259776;-8454016;-16842496;-33619456;FlagEnd,True
1325,5170,0120,FlagBegin;-131071;-196606;-327676,True
1326,5190,0120,FlagBegin;-131071;-196606;-327676;-589816;-1114096;-65503;-4259776;-8454016;-16842496;-33619456;FlagEnd
1387,2450,0140,FlagBegin;-131071;-196606;-327676;-589816;-1114096;-2162656;-4259776;-8454016;-16842496;-33619456;FlagEnd,True
1393,2570,0140,,True
1394,2590,0140,,True
1398,2670,0140,FlagBegin;-131071;-196606;-327676,True
1412,2950,0140,FlagBegin;-131071;-196606;-327676;-589816;-1114096;-2162656;-4259776;-8454016;-16842496;-33619456;FlagEnd,True
1416,3030,0140,FlagBegin;-131071;-196606;-327676;-589816;-1114096;-2162656;-4259776;-845,True
1425,3210,0140,FlagBegin;-131071;-196606;-327676;-589816;-1114096;-2162656;-4259776;-8454016;-16842496;-33619456;FlagEnd,True
1431,3330,0140,FlagBegin;-131071;-196606;-327676;-589816;-1114096;-2162656;-4259776;-8454016;-16842496;-33619456;FlagEnd,True
1438,3470,0140,FlagBegin;-131071;-196606;-327676;-589816;-1114096;-2162656;-4259776;-8454016;-16842496;-33619456;FlagEnd,True
1440,3510,0140,FlagBegin;-131071;-196606;-327676;-589816;-1114096;-2162656;-4259776;-8454016;-16842496;-33619456;FlagEnd,True
1447,3650,0140,FlagBegin;-131071;-196606;-327676;-589816;-1114096;-2162656;-4259776;-8454016;-16842496;-33619456;FlagEnd,True
1453,3770,0140,,True
1467,4050,0140,FlagBegin;-131071;-196606;-327676;-589816;-1114096;-2162656;-4259776;-8454016;-16842496;-33619456;FlagEnd,True
1527,5250,0140,FlagBegin;-131071;-196606;-327676;-589816;-1114096;-2162656;-4259776;-8454016;-16842496;-33619456;FlagEnd,True
1592,2590,0160,FlagBegin;-131071;-196606;-327676;-589816;-1114096;-2162656;-4259776;-8454016;-16842496;-33619456;FlagEnd,True
1738,5510,0160,FlagBegin;-131071;-196606;-327676;-589816;-1114096;-65502;-4259776;-8454016;-16842496;-33619456;FlagEnd
1739,5530,0160,FlagBegin;-131071;-196606;-327676;-589816;-1114096;-65502;-4259776;-8454016;-16842496;-33619456;FlagEnd
1740,5550,0160,FlagBegin;-131071;-196606;-327676;-589816;-1114096;-65502;-4259776;-8454016;-16842496;-33619456;FlagEnd
1741,5570,0160,FlagBegin;-131071;-196606;-327676;-589816;-1114096;-65502;-4259776;-8454016;-16842496;-33619456;FlagEnd
1742,5590,0160,FlagBegin;-131071;-196606;-327676;-589816;-1114096;-65502;-4259776;-8454016;-16842496;-33619456;FlagEnd
1743,5610,0160,FlagBegin;-131071;-196606;-327676;-589816;-1114096;-65502;-4259776;-8454016;-16842496;-33619456;FlagEnd
1744,5630,0160,FlagBegin;-131071;-196606;-327676;-589816;-1114096;-65502;-4259776;-8454016;-16842496;-33619456;FlagEnd
1745,5650,0160,FlagBegin;-131071;-196606;-327676;-589816;-1114096;-65502;-4259776;-8454016;-16842496;-33619456;FlagEnd
1746,5670,0160,FlagBegin;-131071;-196606;-327676;-589816;-1114096;-65502;-4259776;-8454016;-16842496;-33619456;FlagEnd
1747,5690,0160,FlagBegin;-131071;-196606;-327676;-589816;-1114096;-65502;-4259776;-8454016;-16842496;-33619456;FlagEnd
1748,5710,0160,FlagBegin;-131071;-196606;-327676;-589816;-1114096;-65502;-4259776;-8454016;-16842496;-33619456;FlagEnd
1749,5730,0160,FlagBegin;-131071;-196606;-327676;-589816;-1114096;-65502;-4259776;-8454016;-16842496;-33619456;FlagEnd
1750,5750,0160,FlagBegin;-131071;-196606;-327676;-589816;-1114096;-65502;-4259776;-8454016;-16842496;-33619456;FlagEnd
1751,5770,0160,FlagBegin;-131071;-196606;-327676;-589816;-1114096;-65502;-4259776;-8454016;-16842496;-33619456;FlagEnd
1752,5790,0160,FlagBegin;-131071;-196606;-327676;-589816;-1114096;-65502;-4259776;-8454016;-16842496;-33619456;FlagEnd
1753,5810,0160,FlagBegin;-131071;-196606;-327676;-589816;-1114096;-65502;-4259776;-8454016;-16842496;-33619456;FlagEnd
1754,5830,0160,FlagBegin;-131071;-196606;-327676;-589816;-1114096;-65502;-4259776;-8454016;-16842496;-33619456;FlagEnd
1755,5850,0160,FlagBegin;-131071;-196606;-327676;-589816;-1114096;-65502;-4259776;-8454016;-16842496;-33619456;FlagEnd
1756,5870,0160,FlagBegin;-131071;-196606;-327676;-589816;-1114096;-65502;-4259776;-8454016;-16842496;-33619456;FlagEnd
1757,5890,0160,FlagBegin;-131071;-196606;-327676;-589816;-1114096;-65502;-4259776;-8454016;-16842496;-33619456;FlagEnd
1758,5910,0160,FlagBegin;-131071;-196606;-327676;-589816;-1114096;-65502;-4259776;-8454016;-16842496;-33619456;FlagEnd
1759,5930,0160,FlagBegin;-131071;-196606;-327676;-589816;-1114096;-65502;-4259776;-8454016;-16842496;-33619456;FlagEnd
1760,5950,0160,FlagBegin;-131071;-196606;-327676;-589816;-1114096;-65502;-4259776;-8454016;-16842496;-33619456;FlagEnd
1761,5970,0160,FlagBegin;-131071;-196606;-327676;-589816;-1114096;-65502;-4259776;-8454016;-16842496;-33619456;FlagEnd
1762,5990,0160,FlagBegin;-131071;-196606;-327676;-589816;-1114096;-65502;-4259776;-8454016;-16842496;-33619456;FlagEnd
1763,6010,0160,FlagBegin;-131071;-196606;-327676;-589816;-1114096;-65502;-4259776;-8454016;-16842496;-33619456;FlagEnd
1764,6030,0160,FlagBegin;-131071;-196606;-327676;-589816;-1114096;-65502;-4259776;-8454016;-16842496;-33619456;FlagEnd
1765,6050,0160,FlagBegin;-131071;-196606;-327676;-589816;-1114096;-65502;-4259776;-8454016;-16842496;-33619456;FlagEnd
1766,6070,0160,FlagBegin;-131071;-196606;-327676;-589816;-1114096;-65502;-4259776;-8454016;-16842496;-33619456;FlagEnd
1767,6090,0160,FlagBegin;-131071;-196606;-327676;-589816;-1114096;-65502;-4259776;-8454016;-16842496;-33619456;FlagEnd
1768,6110,0160,FlagBegin;-131071;-196606;-327676;-589816;-1114096;-65502;-4259776;-8454016;-16842496;-33619456;FlagEnd
1769,6130,0160,FlagBegin;-131071;-196606;-327676;-589816;-1114096;-65502;-4259776;-8454016;-16842496;-33619456;FlagEnd
1770,6150,0160,FlagBegin;-131071;-196606;-327676;-589816;-1114096;-65502;-4259776;-8454016;-16842496;-33619456;FlagEnd
1771,6170,0160,FlagBegin;-131071;-196606;-327676;-589816;-1114096;-65502;-4259776;-8454016;-16842496;-33619456;FlagEnd
1772,6190,0160,FlagBegin;-131071;-196606;-327676;-589816;-1114096;-65502;-4259776;-8454016;-16842496;-33619456;FlagEnd
1773,6210,0160,FlagBegin;-131071;-196606;-327676;-589816;-1114096;-65502;-4259776;-8454016;-16842496;-33619456;FlagEnd
1774,6230,0160,FlagBegin;-131071;-196606;-327676;-589816;-1114096;-65502;-4259776;-8454016;-16842496;-33619456;FlagEnd
1775,6250,0160,FlagBegin;-131071;-196606;-327676;-589816;-1114096;-65502;-4259776;-8454016;-16842496;-33619456;FlagEnd
1776,6270,0160,FlagBegin;-131071;-196606;-327676;-589816;-1114096;-65502;-4259776;-8454016;-16842496;-33619456;FlagEnd
1777,6290,0160,FlagBegin;-131071;-196606;-327676;-589816;-1114096;-65502;-4259776;-8454016;-16842496;-33619456;FlagEnd
1778,6310,0160,FlagBegin;-131071;-196606;-327676;-589816;-1114096;-65502;-4259776;-8454016;-16842496;-33619456;FlagEnd
1779,6330,0160,FlagBegin;-131071;-196606;-327676;-589816;-1114096;-65502;-4259776;-8454016;-16842496;-33619456;FlagEnd
1780,6350,0160,FlagBegin;-131071;-196606;-327676;-589816;-1114096;-65502;-4259776;-8454016;-16842496;-33619456;FlagEnd
1781,6370,0160,FlagBegin;-131071;-196606;-327676;-589816;-1114096;-65502;-4259776;-8454016;-16842496;-33619456;FlagEnd
1782,6390,0160,FlagBegin;-131071;-196606;-327676;-589816;-1114096;-65502;-4259776;-8454016;-16842496;-33619456;FlagEnd
1783,2450,0180,FlagBegin;-131071;-196606;-327676;-589816;-1114096;-65502;-4259776;-8454016;-16842496;-33619456;FlagEnd
1784,2470,0180,FlagBegin;-131071;-196606;-327676;-589816;-1114096;-65502;-4259776;-8454016;-16842496;-33619456;FlagEnd
1785,2490,0180,FlagBegin;-131071;-196606;-327676;-589816;-1114096;-65502;-4259776;-8454016;-16842496;-33619456;FlagEnd
1786,2510,0180,FlagBegin;-131071;-196606;-327676;-589816;-1114096;-65502;-4259776;-8454016;-16842496;-33619456;FlagEnd
1787,2530,0180,FlagBegin;-131071;-196606;-327676;-589816;-1114096;-65502;-4259776;-8454016;-16842496;-33619456;FlagEnd
1788,2550,0180,FlagBegin;-131071;-196606;-327676;-589816;-1114096;-65502;-4259776;-8454016;-16842496;-33619456;FlagEnd
1789,2570,0180,FlagBegin;-131071;-196606;-327676;-589816;-1114096;-65502;-4259776;-8454016;-16842496;-33619456;FlagEnd
1790,2590,0180,FlagBegin;-131071;-196606;-327676;-589816;-1114096;-65502;-4259776;-8454016;-16842496;-33619456;FlagEnd
1791,2610,0180,FlagBegin;-131071;-196606;-327676;-589816;-1114096;-65502;-4259776;-8454016;-16842496;-33619456;FlagEnd
1807,2930,0180,FlagBegin;-131071;-196606;-327676;-589816;-1114096;-2162656;-4259776;-8454016;-16842496;-33619456,True
1826,3310,0180,,True
1864,4070,0180,FlagBegin;-131071;-196606;-327676;-589816;-1114096;-2162656;-4259776;-8454016;-16842496;-33619456;FlagEnd,True
1869,4170,0180,FlagBegin;-131071;-196606;-327676;-589816;-1114096;-2162656;-4259776;-8454016;-16842496;-33619456;FlagEnd,True
1887,4530,0180,,True
1895,4690,0180,FlagBegin;-131071;-196606;-327676;-589816;-1114096;-2162656;-4259776;-8454016;-16842496;-33619456;FlagEnd,True
1923,5250,0180,FlagBegin;-131071;-196606;-327676;-589816;-1114096;-2162656;-4259776;-8454016;-16842496;-33619456;FlagEnd,True
1986,2550,0200,FlagBegin;-131071;-196606;-327676;-589816;-1114096;-2162656;-4259776;-8454016;-16842496;-33619456;FlagEnd
1988,2590,0200,FlagBegin;-131071;-196606;-327676;-589816;-1114096;-2162656;-4259776;-8454016;-16842496;-33619456;FlagEnd,True
1993,2690,0200,,True
2003,2890,0200,FlagBegin;-131071;-196606;-327676;-589816;-1114096;-2162656;-4259776;-8454016;-16842496;-33619456;FlagEnd,True
2041,3650,0200,
2064,4110,0200,,True
2091,4650,0200,,True
2106,4950,0200,,True
2110,5030,0200,,True
2121,5250,0200,FlagBegin;-131071;-196606;-327676;-589816;-1114096;-2162656;-4259776;-8454016;-16842496;-33619456;FlagEnd,True
2189,2650,0220,,True
2198,2830,0220,,True
2202,2910,0220,,True
2212,3110,0220,FlagBegin;-131071;-196606;-327676;-589816;-1114096;-2162656;-4259776;-8454016;-16842496;-33619456;FlagEnd,True
2217,3210,0220,FlagBegin;-131071;-196606;-327676;-589816;-1114096;-2162656;-4259776;-8454016;-16842496;-33619456;FlagEnd,True
2221,3290,0220,FlagBegin;-131071;-196606;-327676;-589816;-1114096;-2162656;-4259776;-8454016;-16842496;-33619456,True
2260,4070,0220,FlagBegin;-131071;-196606;-327676;-589816;-1114096;-2162656;-4259776;-8454016;-16842496;-33619456;FlagEnd,True
2319,5250,0220,FlagBegin;-131071;-196606;-327676,True
2321,5290,0220,FlagBegin;-131071;-196606;-327676;-589816;-1114096;-2162656;-4259776;-8454016;-16842496;-33619456;FlagAnd,True
2324,5350,0220,,True
2333,5530,0220,FlagBegin;-131071;-196606;-327676;-589816;-1114096;-2162656;-4259776;-8454016;-16842496;-16842496;FlagEnd
2334,5550,0220,FlagBegin;-131071;-196606;-327676;-589816;-1114096;-2162656;-4259776;-8454016;-16842496;-16842496;FlagEnd
2335,5570,0220,FlagBegin;-131071;-196606;-327676;-589816;-1114096;-2162656;-4259776;-8454016;-16842496;-16842496;FlagEnd
2336,5590,0220,FlagBegin;-131071;-196606;-327676;-589816;-1114096;-2162656;-4259776;-8454016;-16842496;-16842496;FlagEnd
2337,5610,0220,FlagBegin;-131071;-196606;-327676;-589816;-1114096;-2162656;-4259776;-8454016;-16842496;-16842496;FlagEnd
2338,5630,0220,FlagBegin;-131071;-196606;-327676;-589816;-1114096;-2162656;-4259776;-8454016;-16842496;-16842496;FlagEnd
2339,5650,0220,FlagBegin;-131071;-196606;-327676;-589816;-1114096;-2162656;-4259776;-8454016;-16842496;-196606;FlagEnd
2340,5670,0220,FlagBegin;-131071;-196606;-327676;-589816;-1114096;-2162656;-4259776;-8454016;-16842496;-196606;FlagEnd
2341,5690,0220,FlagBegin;-131071;-196606;-327676;-589816;-1114096;-2162656;-4259776;-8454016;-16842496;-196606;FlagEnd
2342,5710,0220,FlagBegin;-131071;-196606;-327676;-589816;-1114096;-2162656;-4259776;-8454016;-16842496;-196606;FlagEnd
2343,5730,0220,FlagBegin;-131071;-196606;-327676;-589816;-1114096;-2162656;-4259776;-8454016;-16842496;-196606;FlagEnd
2344,5750,0220,FlagBegin;-131071;-196606;-327676;-589816;-1114096;-2162656;-4259776;-8454016;-16842496;-196606;FlagEnd
2345,5770,0220,FlagBegin;-131071;-196606;-327676;-589816;-1114096;-2162656;-4259776;-8454016;-16842496;-196606;FlagEnd
2346,5790,0220,FlagBegin;-131071;-196606;-327676;-589816;-1114096;-2162656;-4259776;-8454016;-16842496;-196606;FlagEnd
2347,5810,0220,FlagBegin;-131071;-196606;-327676;-589816;-1114096;-2162656;-4259776;-8454016;-16842496;-196606;FlagEnd
2348,5830,0220,FlagBegin;-131071;-196606;-327676;-589816;-1114096;-2162656;-4259776;-8454016;16843009;-196606;FlagEnd
2349,5850,0220,FlagBegin;-131071;-196606;-327676;-589816;-1114096;-2162656;-4259776;-8454016;16843009;-196606;FlagEnd
2350,5870,0220,FlagBegin;-131071;-196606;-327676;-589816;-1114096;-2162656;-4259776;-8454016;16843009;-196606;FlagEnd
2351,5890,0220,FlagBegin;-131071;-196606;-327676;-589816;-1114096;-2162656;-4259776;-8454016;16843009;-196606;FlagEnd
2352,5910,0220,FlagBegin;-131071;-196606;-327676;-589816;-1114096;-2162656;-4259776;-8454016;16843009;-196606;FlagEnd
2383,2570,0240,,True
2399,2890,0240,FlagBegin;-131071;-196606;-327676;-589816;-1114096;-2162656;-4259776;-8454016;-16842496;-33619456;FlagEnd,True
2458,4070,0240,FlagBegin;-131071;-196606;-327676;-589816;-1114096;-2162656;-4259776;-8454016;-16842496;-33619456;FlagEnd,True
2517,5250,0240,FlagBegin;-131071;-196606;-327676;-589816;-1114096;-2162656;-4259776;-8454016;-16842496;-33619456;FlagEnd,True
2566,6230,0240,FlagBegin;-131071;-196606;-327676;-589816;-1114096;-65488;-4259776;-8454016;-16842496;-33619456;FlagEnd
2567,6250,0240,FlagBegin;-131071;-2162656;-327676;-589816;-1114096;-2162656;-4259776;-8454016;-16842496;-33619456;FlagEnd
2568,6270,0240,FlagBegin;-131071;-2162656;-327676;-589816;-1114096;-2162656;-4259776;-8454016;-16842496;-33619456;FlagEnd
2569,6290,0240,FlagBegin;-131071;-2162656;-327676;-589816;-1114096;-2162656;-4259776;-8454016;-16842496;-33619456;FlagEnd
2570,6310,0240,FlagBegin;-131071;-2162656;-327676;-589816;-1114096;-2162656;-4259776;-8454016;-16842496;-33619456;FlagEnd
2571,6330,0240,FlagBegin;-131071;-2162656;-327676;-589816;-1114096;-2162656;-4259776;-8454016;-16842496;-33619456;FlagEnd
2572,6350,0240,FlagBegin;-131071;-2162656;-327676;-589816;-1114096;-2162656;-4259776;-8454016;-16842496;-33619456;FlagEnd
2573,6370,0240,FlagBegin;-131071;-2162656;-327676;-589816;-1114096;-2162656;-4259776;-8454016;-16842496;-33619456;FlagEnd
2574,6390,0240,FlagBegin;-131071;-2162656;-327676;-589816;-1114096;-2162656;-4259776;-8454016;-16842496;-33619456;FlagEnd
2575,2450,0260,,True
2578,2510,0260,FlagBegin;-131071;-196606;-327676;-589816;-2162656;-2162656;-4259776;-8454016;-16842496;-33619456;FlagEnd
2597,2890,0260,FlagBegin;-131071;-196606;-327676;-589816;-1114096;-2162656;-4259776;-8454016;-16842496;-33619456;FlagEnd,True
2643,3810,0260,FlagBegin;-131071;-196606;-327676;-589816;-1114096;-2162656;-4259776;-8454016;-16842496;-33619456;FlagEnd,True
2647,3890,0260,FlagBegin;-131071;-196606;-327676;-589816;-1114096;-2162656;-4259776;-8454016;-16842496;-33619456;FlagEnd,True
2656,4070,0260,FlagBegin;-131071;-196606;-327676;-589816;-1114096;-2162656;-4259776;-8454016;-16842496;-33619456;FlagEnd,True
2660,4150,0260,FlagBegin;-131071;-196606;-327676;-589816;-1114096;-2162656;-4259776;-8454016;-16842496;-33619456;FlagEnd,True
2668,4310,0260,,True
2672,4390,0260,FlagBegin;-131071;-196606;-327676;-589816;-1114096;1610612752;-4259776;-8454016;-16842496;-33619456;FlagEnd
2673,4410,0260,FlagBegin;-131071;-196606;-327676;-589816;-1114096;-2162656;-4259,True
2675,4450,0260,FlagBegin;-131071;-196606;-327676;-589816;-1114096;-2162656;-4259776;-8454016;-16842496;-33619456;FlagEnd,True
2678,4510,0260,FlagBegin;-131071;-196606;-327676;-589816;-1114096;-2162656;-4259776;-8454016;-16842496;-33619456;FlagEnd,True
2679,4530,0260,FlagBegin;-131071;-196606;-327676;-589816;-1114096;-2162656;-4259776;-8454016;-16842496;-33619456;FlagEnd,True
2680,4550,0260,FlagBegin;-131071;-196606;-327676;-589816;-1114096;-2162656;-4259776;-8454016;-16842496;-33619456;FlagEnd,True
2681,4570,0260,FlagBegin;-131071;-196606;-327676;-589816;-1114096;-2162656;-4259776;-8454016;-16842496;-33619456;FlagEnd,True
2682,4590,0260,FlagBegin;-131071;-196606;-327676;-589816;-111409,True
2683,4610,0260,FlagBegin;-131071;-196606;-327676;-589816;-1114096;-2162656;-4259776;-8454016;-16842496;-33619456;FlagEnd,True
2684,4630,0260,FlagBegin;-131071;-196606;-327676;-589816;-111409,True
2688,4710,0260,FlagBegin;-131071;-196606;-327676;-589816;-1114096;-2162656;-4259776;-8454016;-16842496;-33619456;FlagEnd,True
2690,4750,0260,FlagBegin;-131071;-196606;-327676;-589816;-1114096;-2162656;-4259776;-8454016;-16842496;-33619456;FlagEnd,True
2691,4770,0260,FlagBegin;-131071;-196606;-327676;-589816;-1114096;-2162656;-4259776;-8454016;-16842496;-33619456;FlagEnd,True
2692,4790,0260,FlagBegin;-131071;-196606;-327676,True
2693,4810,0260,FlagBegin;-131071;-196606;-327676;-589816;-1114096;-2162656;-4259776;-8454016;-16842496;-33619456;FlagEnd,True
2694,4830,0260,FlagBegin;-131071;-196606;-327676;-589816;-1114096;-2162656;-4259776;-8454016;-16842496;-33619456;FlagEnd,True
2700,4950,0260,,True
2702,4990,0260,FlagBegin;-131071;-196606;-327676;-589816;-1114096;-21626,True
2705,5050,0260,FlagBegin;-131071;-196606;-327676;-589816;-1114096;-2162656;-4259776;-8454016;-16842496;-33619456;FlagEnd,True
2710,5150,0260,FlagBegin;-131071;-196606;-327676;-589816;-1114096;-65440;-4259776;-8454016;-16842496;-33619456;FlagEnd
2738,5710,0260,,True
2776,2510,0280,FlagBegin;-131071;-196606;-327676;-589816;-1114096;-2162656;-4259776;-8454016;-16842496;-33619456;FlagEnd,True
2778,2550,0280,FlagBegin;-131071;-196606;-327676;-589816;-1114096;-2162656;-4259776;-8454016;-16842496;-33619456;FlagEnd,True
2779,2570,0280,FlagBegin;-131071;-196606;-327676,True
2780,2590,0280,,True
2782,2630,0280,FlagBegin;-131071;-196606;-327676;-589816;-1114096;-2162656;-4259776;-8454016;-16842496;-33619456;FlagEnd,True
2784,2670,0280,FlagBegin;-131071;-196606;-327676;-589816;-1114096;-2162656;-4259776;-8454016;-16842496;-33619456;FlagEnd,True
2785,2690,0280,FlagBegin;-131071;-196606;-327676,True
2786,2710,0280,FlagBegin;-131071;-196606;-327676,True
2787,2730,0280,FlagBegin;-131071;-196606;-327676;-589816;-1114096;-2162656;-4259776;-8454016;-16842496;-33619456;FlagEnd,True
2788,2750,0280,FlagBegin;-131071;-196606;-327676;-589816;-1114096;-2162656;-4259776;-8454016;-16842496;-33619456;FlagEnd,True
2789,2770,0280,FlagBegin;-131071;-196606;-327676;-589816,True
2790,2790,0280,FlagBegin;-131071;-196606;-327676,True
2791,2810,0280,?,True
2793,2850,0280,FlagBegin;-131071;-196606;-327676,True
2794,2870,0280,,True
2795,2890,0280,FlagBegin;-131071;-196606;-327676;-589816;-1114096;-2162656;-4259,True
2797,2930,0280,FlagBegin;-131071;-196606;-327676;-589816;-1114096;-2162656;-4259776;-8454016;-16842496;-33619456;FlagEnd,True
2799,2970,0280,FlagBegin;-131071;-196606;-327676;-589816;-1114096;-2162656;-4259776;-8454016;-16842496;-33619456;FlagEnd,True
2801,3010,0280,FlagBegin;-131071;-196606;-327676;-589816;-1114096;-2162656;-4259776;-8454016;-16842496;-33619456;FlagEnd,True
2802,3030,0280,FlagBegin;-131071;-196606;-327676;-589816;-111409,True
2806,3110,0280,,True
3474,4590,0340,FlagBegin;-131071;-196606;-327676;-589816;-1114096;-21626,True
3479,4690,0340,FlagBegin;-131071;-196606;-327676;-589816;-1114096;-65376;-4259776;-8454016;-16842496;-33619456;FlagEnd
3647,4090,0360,FlagBegin;-131071;-196606;-327676;-589816;-1114096;-65502;-4259776;-8454016;-16842496;-33619456;FlagEnd,True
3676,4670,0360,FlagBegin;-131071;-196606;-327676;-589816;-1114096;-2162656;-4259776;-8454016;-16842496;-33619456;FlagEnd,True
3846,4110,0380,,True
3870,4590,0380,FlagBegin;-131071;-196606;-327676;-589816;-1114096;-2162656;-4259776;-8454016;-16842496;-33619456;FlagEnd,True
4050,4230,0400,,True
4069,4610,0400,,True
4073,4690,0400,
4124,5710,0400,,True
4593,3210,0460,
4594,3230,0460,,True
4655,4450,0460,,True
4662,4590,0460,FlagBegin;-131071;-196606;-327676;-589816;-1114096;-2162656;-4259776;-8454016;-16842496;-33619456;FlagEnd,True
4671,4770,0460,,True
4709,5530,0460,FlagBegin;16;-1;-1225515632;16;11444560;-1226438728;-1225515632;1512;-1225524452;-1225525544;FlagEnd
4710,5550,0460,,True
4791,3210,0480,,True
5054,4510,0500,,True
5189,3250,0520,,True
5256,4590,0520,FlagBegin;-131071;-196606;-327676;-589816;-1114096;-2162656;-4259776;-8454016;-16842496;-33619456,True
5260,4670,0520,,True
5455,4610,0540,FlagBegin;-131071;-196606;-327676;-589816;-1114096;-2162656;-4259776;-8454016;-16842496;-33619456;FlagEnd,True
5627,4090,0560,FlagBegin;-131071;-196606;-327676;-589816;-1114096;-65503;-4259776;-8454016;-16842496;-33619456;FlagEnd
5628,4110,0560,FlagBegin;-131071;-196606;-327676;-589816;-1114096;-2162656;-4259776;-8454016;-16842496;-33619456;FlagEnd,True
5629,4130,0560,FlagBegin;-131071;-196606;-327676;-589816,True
5825,4090,0580,FlagBegin;-131071;-196606;-327676;-589816;-1114096;-2162656;-4259776;-8454016;-16842496;-33619456;FlagEnd,True
5854,4670,0580,FlagBegin;-131071;-196606;-327676;-589816;-1114096;-2162656;-4259776;-8454016;-16842496;-33619456;FlagEnd,True
5891,5410,0580,
5917,5930,0580,
5923,6050,0580,,True
6023,4090,0600,FlagBegin;-131071;-196606;-327676;-589816;-1114096;-2162656;-4259776;-8454016;-16842496;-33619456;FlagEnd,True
6028,4190,0600,FlagBegin;-131071;-196606;-327676;-589816;-1114096;-2162656;-4259776;-8454016;-16842496;-33619456;FlagEnd,True
6033,4290,0600,FlagBegin;-131071;-196606;-327676;-589816;-1114096;-2162656;-4259776;-8454016;-16842496;-33619456;FlagEnd,True
6048,4590,0600,FlagBegin;-131071;-196606;-327676;-589816;-1114096;-2162656;-4259776;-8454016;-16842496;-33619456;FlagEnd,True
6056,4750,0600,FlagBegin;-131071;-196606;-327676,True
6172,3110,0620,,True
6184,3350,0620,,True
6242,4510,0620,FlagBegin;-131071;-196606;-327676;-589816;-1114096;-2162656;-4259776;-8454016;-16842496;-33619456;FlagEnd,True
6638,4510,0660,FlagBegin;-131071;-196606;-327676;-589816;-1114096;-2162656;-4259776;-8454016;-16842496;-33619456;FlagEnd,True
6639,4530,0660,,True
6641,4570,0660,FlagBegin;-131071;-196606;-327676;-589816;-1114096;-2162656;-4259,True
6642,4590,0660,FlagBegin;-131071;-196606;-327676;-589816;-1114096;-2162656;-4259776;-8454016;-16842496;-33619456;FlagEnd,True
6644,4630,0660,FlagBegin;-131071;-196606;-327676;-589816;-1114096;-2162656;-4259776;-8454016;-16842496;-33619456;FlagEnd,True
6645,4650,0660,FlagBegin;-131071;-196606;-327676;-589816;-1114096;-2162656;-4259776;-8454016;-16842496;-33619456;FlagEnd,True
6648,4710,0660,,True
7412,4150,0740,FlagBegin;-131071;-196606;-327676;-589816;-1114096;-2162656;-4259776;-8454016;-16842496;-33619456;FlagEnd,True
7423,4370,0740,,True
7615,4250,0760,FlagBegin;-131071;-196606;-327676;-589816;-1114096;-2162656;-4259776;-8454016;-16842496;-33619456;FlagEnd,True
7620,4350,0760,Fl,True
7622,4390,0760,FlagBegin;-131071;-196606;-327676;-589816,True
7685,5650,0760,,True
7817,4330,0780,FlagBegin;-131071;-196606;-327676;-589816;-1114096;-2162656;-4259776;-8454016;-16842496;-33619456,True
8006,4150,0800,FlagBegin;-131071;-196606;-327676;-589816;-1114096;-2162656;-4259776;-8454016;-16842496;-33619456;FlagEnd,True
8012,4270,0800,FlagBegin;-131071;-196606;-327676;-589816;-1114096;-2162656;-4259776;-8454016;-16,True
8022,4470,0800,FlagBegin;-131071;-196606;-327676;-589816;-1114096;-21626,True
8027,4570,0800,FlagBegin;-131071;-196606;-327676;-589816;-1114096;-2162656;-4259776;-8454016;-16842496;-33619456;FlagEnd,True
8500,6110,0840,FlagBegin;-131071;-196606;-327676;-589816;-1114096;-2162656;-4259776;-8454016;-16842496;-33619456;FlagEnd,True
8616,4470,0860,FlagBegin;-131071;-196606;-327676;-589816;-1114096;-2162656;-4259776;-8454016;-16842496;-33619456;FlagEnd,True
8728,2750,0880,,True
8801,4210,0880,,True
8808,4350,0880,FlagBegin;-131071;-196606;-327676;-589816;-1114096;-2162656;-4259776;-8454016;-16842496;-33619456;FlagEnd,True
8837,4930,0880,,True
8887,5930,0880,,True
8926,2750,0900,,True
8996,4150,0900,FlagBegin;-131071;-196606;-327676;-589816;-1114096;-2162656;-4259776;-8454016;-16842496;-33619456;FlagEnd,True
9000,4230,0900,FlagBegin;-131071;-196606;-327676,True
9019,4610,0900,FlagBegin;-131071;-196606;-327676;-589816;-1114096;-2162656;-4259776;-8454016;-16842496;-33619456;FlagEnd,True
9072,5670,0900,,True
9091,6050,0900,,True
9194,4150,0920,FlagBegin;-131071;-196606;-327676;-589816;-1114096;-2162656;-4259776;-8454016;-16842496;-33619456;FlagEnd,True
9206,4390,0920,FlagBegin;-131071;-196606;-327676;-589816;-1114096;-2162656;-4259776;-8454016;-16842496;-33619456;FlagEnd,True
9408,4470,0940,FlagBegin;-131071;-196606;-327676;-589816;-1114096;-65488;-4259776;-8454016;-16842496;-33619456;FlagEnd,True
9607,4490,0960,,True
9608,4510,0960,FlagBegin;-131071;-196606;-327676;-589816;-1114096;-2162656;-4259776;-8454016;-16842496;-33619456;FlagEnd,True
9699,6330,0960,,True
9788,4150,0980,FlagBegin;-131071;-196606;-327676;-589816;-1114096;-2162656;-4259776;-8454016;-16842496;-33619456;FlagEnd,True
9793,4250,0980,FlagBegin;-131071;-196606;-327676;-589816;-1114096;-2162656;-4259776;-8454016;-16842496;-33619456;FlagEnd,True
9822,4830,0980,,True
9984,4110,1000,FlagBegin;-131071;-196606;-327676;-589816;-1114096;-2162656;-4259776;-8454016;-16842496;-33619456;FlagEnd,True
10041,5250,1000,,True
10107,2610,1020,,True
10410,4710,1040,FlagBegin;-131071;-196606;-327676;-589816;-1114096;-2162656;-4259776;-8454016;-16842496;-33619456;FlagEnd,True
10445,5410,1040,,True
10589,4330,1060,FlagBegin;-131071;-196606;-327676;-589816;-2162656;-2162656;-4259776;-8454016;-16842496;-33619456;FlagEnd
10590,4350,1060,FlagBegin;-131071;-196606;-327676;-589816;-2162656;-2162656;-4259776;-8454016;-16842496;-33619456;FlagEnd
10591,4370,1060,FlagBegin;-131071;-196606;-327676;-589816;-2162656;-2162656;-4259776;-8454016;-16842496;-33619456;FlagEnd
10592,4390,1060,FlagBegin;-131071;-196606;-327676;-589816;-2162656;-2162656;-4259776;-8454016;-16842496;-33619456;FlagEnd
10593,4410,1060,FlagBegin;-131071;-196606;-327676;-589816;-2162656;-2162656;-4259776;-8454016;-16842496;-33619456;FlagEnd
10594,4430,1060,FlagBegin;-131071;-196606;-327676;-589816;-2162656;-2162656;-4259776;-8454016;-16842496;-33619456;FlagEnd
10595,4450,1060,FlagBegin;-131071;-196606;-327676;-589816;-2162656;-2162656;-4259776;-8454016;-16842496;-33619456;FlagEnd
10596,4470,1060,FlagBegin;-131071;-196606;-327676;-589816;-2162656;-2162656;-4259776;-8454016;-16842496;-33619456;FlagEnd
10597,4490,1060,FlagBegin;-131071;-196606;-327676;-589816;-2162656;-2162656;-4259776;-8454016;-16842496;-33619456;FlagEnd
10598,4510,1060,FlagBegin;-131071;-196606;-327676;-589816;-2162656;-2162656;-4259776;-8454016;-16842496;-33619456;FlagEnd
10599,4530,1060,FlagBegin;-131071;-196606;-327676;-589816;-2162656;-2162656;-4259776;-8454016;-16842496;-33619456;FlagEnd
10600,4550,1060,FlagBegin;-131071;-196606;-327676;-589816;-2162656;-2162656;-4259776;-8454016;-16842496;-33619456;FlagEnd
10601,4570,1060,FlagBegin;-131071;-196606;-327676;-589816;-2162656;-2162656;-4259776;-8454016;-16842496;-33619456;FlagEnd
10602,4590,1060,FlagBegin;-131071;-196606;-327676;-589816;-2162656;-2162656;-4259776;-8454016;-16842496;-33619456;FlagEnd
10603,4610,1060,FlagBegin;-131071;-196606;-327676;-589816;-2162656;-2162656;-4259776;-8454016;-16842496;-33619456;FlagEnd
10604,4630,1060,FlagBegin;-131071;-196606;-327676;-589816;-2162656;-2162656;-4259776;-8454016;-16842496;-33619456;FlagEnd
10605,4650,1060,FlagBegin;-131071;-196606;-327676;-589816;-2162656;-2162656;-4259776;-8454016;-16842496;-33619456;FlagEnd
10606,4670,1060,FlagBegin;-131071;-196606;-327676;-589816;-2162656;-2162656;-4259776;-8454016;-16842496;-33619456;FlagEnd,True
10728,3150,1080,,True
10776,4110,1080,FlagBegin;-131071;-196606;-327676;-589816;-1114096;-2162656;-4259776;-8454016;-16842496;-33619456;FlagEnd,True
10778,4150,1080,FlagBegin;-131071;-196606;-327676;-589816;-1114096;-2162656;-4259776;-8454016;-16842496;-33619456;FlagEnd,True
10781,4210,1080,FlagBegin;-131071;-196606;-327676;-589816;-1114096;-2162656;-4259776;-8454016;-16842496;-33619456;FlagEnd,True
10782,4230,1080,FlagBegin;-131071;-196606;-327676;-589816;-1114096;-2162656;-4259776;-8454016;-16842496;-33619456;FlagEnd,True
11011,4850,1100,FlagBegin;-131071;-196606;-327676;-589816;-1114096;-2162656;-4259776;-8454016;-16842496;-33619456;FlagEnd,True
11436,5430,1140,FlagBegin;-131071;-196606;-327676;-589816;-1114096;-2162656;-4259776;-8454016;-16842496;-33619456;FlagEnd,True
11453,5770,1140,,True
11456,5830,1140,,True
11563,4010,1160,FlagBegin;-131071;-196606;-327676;-589816;-1114096;-2162656;-4259776;-8454016;-16842496;-33619456;FlagEnd,True
11604,4830,1160,,True
11611,4970,1160,FlagBegin;-131071;-196606;-327676;-589816;-1114096;-2162656;-4259776;-8454016;-16842496;-33619456;FlagEnd,True
11615,5050,1160,FlagBegin;-131071;-196606;-327676;-589816;-1114096;-2162656;-4259776;-8454016;-16842496;-33619456;FlagEnd,True
11662,5990,1160,,True
11704,2870,1180,,True
12570,4350,1260,,True
12640,5750,1260,FlagBegin;-131071;-196606;-327676,True
12963,4290,1300,,True
12967,4370,1300,,True
12978,4590,1300,FlagBegin;-131071;-196606;-327676,True
13160,4270,1320,,True
13163,4330,1320,,True
13335,3810,1340,FlagBegin;-131071;-196606;-327676;-589816;-1114096;-2162656;-4259776;-8454016;-16842496;-33619456;FlagEnd,True
13345,4010,1340,FlagBegin;-131071;-196606;-327676;-589816;-1114096;-2162656;-4259776;-8454016;-16842496;-33619456;FlagEnd,True
13375,4610,1340,,True
13384,4790,1340,FlagBegin;-131071;-196606;-327676,True
13387,4850,1340,,True
13480,2750,1360,,True
13573,4610,1360,,True
13929,3810,1400,FlagBegin;-131071;-196606;-327676;-589816;-1114096;-2162656;-4259776;-8454016;-16842496;-33619456;FlagEnd,True
13932,3870,1400,FlagBegin;-131071;-196606;-327676;-589816;-1114096;-2162656;-4259776;-8454016;-16842496;-33619456;FlagEnd,True
13939,4010,1400,FlagBegin;-131071;-196606;-327676;-589816;-1114096;-2162656;-4259776;-8454016;-16842496;-33619456;FlagEnd,True
13966,4550,1400,,True
13969,4610,1400,FlagBegin;-131071;-196606;-327676;-589816;-1114096;-2162656;-4259776;-8454016;-16842496;-33619456;FlagEnd,True
13970,4630,1400,FlagBegin;-131071;-196606;-327676;-589816;-1114096;-2162656;-4259776;-8454016;-16842496;-33619456;FlagEnd,True
13977,4770,1400,FlagBegin;-131071;-196606;-327676;-589816;-1114096;-2162656;-4259776;-8454016;-16842496;-33619456;FlagEnd,True
14090,3070,1420,,True
14138,4030,1420,,True
14143,4130,1420,,True
14146,4190,1420,,True
14158,4430,1420,,True
14166,4590,1420,,True
14167,4610,1420,FlagBegin;-131071;-196606;-327676;-589816;-1114096;-2162656;-4259,True
14168,4630,1420,F,True
14175,4770,1420,FlagBegin;-131071;-196606;-327676;-589816;-1114096;-2162656;-4259776;-8454016;-16842496;-33619456;FlagEnd,True
14180,4870,1420,,True
14189,5050,1420,FlagBegin;-131071;-196606;-327676;-589816;-1114096;-2162656;-4259776;-8454016;-16842496;-33619456;FlagEnd,True
14365,4610,1440,,True
14715,3690,1480,FlagBegin;-131071;-196606;-327676;-589816;-1114096;-2162656;-4259776;-8454016;-16842496;-33619456;FlagEnd,True
14773,4850,1480,,True
15155,4570,1520,,True
15187,5210,1520,,True
15270,2910,1540,,True
15384,5190,1540,FlagBegin;7;1;-327676;-589816;-1114096;-2162656;-4259776;-8454016;-16842496;-33619456;FlagEnd
15401,5530,1540,,True
15402,5550,1540,,True
15406,5630,1540,FlagBegin;-131071;-196606;-327676,True
15484,3230,1560,FlagBegin;-131071;-196606;-327676;-589816;-1114096;-2162656;-4259776;-8454016;-16842496;-33619456;FlagEnd,True
15485,3250,1560,FlagBegin;-131071;-196606;-327676,True
15490,3350,1560,,True
15532,4190,1560,,True
15543,4410,1560,,True
15599,5530,1560,FlagBegin;-131071;-196606;-327676,True
15682,3230,1580,,True
15771,5010,1580,FlagBegin;-131071;-196606;-327676;-589816,True
15896,3550,1600,,True
15949,4610,1600,FlagBegin;-131071;-196606;-327676;-589816;-1114096;-2162656;-4259776;-8454016;-16842496;-33619456;FlagEnd,True
15996,5550,1600,FlagBegin;-131071;-196606;-327676;-589816,True
15997,5570,1600,FlagBegin;-131071;-196606;-327676;-589816;-1114096;-2162656;-4259776;-8454016;-16842496;-33619456;FlagEnd,True
16058,2830,1620,,True
16131,4290,1620,FlagBegin;-131071;-196606;-327676,True
16196,5590,1620,FlagBegin;-131071;-196606;-327676;-589816,True
16347,4650,1640,FlagBegin;-131071;-196606;-327676;-589816,True
16529,4330,1660,,True
16531,4370,1660,,True
16564,5030,1660,,True
16736,4510,1680,FlagBegin;-131071;-196606;-327676;-589816;-1114096;-2162656;-4259776;-8454016;-16842496;-33619456;FlagEnd,True
16743,4650,1680,,True
16773,5250,1680,FlagBegin;134086657;-196576;-327676;-589816;-1114096;-2162656;-4259776;-8454016;-16842496;-33619456;FlagEnd
16777,5330,1680,,True
16806,5910,1680,FlagBegin;-131071;-196606;-327676;-589816,True
16809,5970,1680,FlagBegin;-131071;-196606;-327676;-589816;-1114096;-2162656;-4259776;-8454016;-16842496;-33619456;FlagEnd,True
16852,2870,1700,,True
16939,4610,1700,,True
16941,4650,1700,,True
17004,5910,1700,,True
17006,5950,1700,FlagBegin;-131071;-196606;-327676;-589816;-1114096;-2162656;-4259776;-8454016;-16842496;-33619456;FlagEnd,True
17008,5990,1700,FlagBegin;-131071;-196606;-327676;-589816;-1114096;-64992;-4259776;-8454016;-16842496;-33619456;FlagEnd
17009,6010,1700,FlagBegin;-327676;-196606;11;-589816;-1114096;-2162656;-4259776;-8454016;11;-33619456;FlagEnd
17052,2910,1720,FlagBegin;-131071;-196606;-327676;-589816;-1114096;-2162656;-4259776;-8454016;-16842496;-33619456;FlagEnd,True
17133,4530,1720,,True
17202,5910,1720,FlagBegin;-131071;-196606;-327676;-589816;-1114096;-2162656;-4259776;-8454016;-16842496;-33619456;FlagEnd,True
17247,2850,1740,,True
17272,3350,1740,FlagBegin;-131071;-196606;-327676;-589816;-1114096;-2162656;-4259776;-8454016;-16842496;-33619456;FlagEnd,True
17330,4510,1740,,True
17339,4690,1740,,True
17342,4750,1740,FlagBegin;-131071;-196606;-327676,True
17445,2850,1760,FlagBegin;-131071;-196606;-327676;-589816;-1114096;-2162656;-4259776;-8454016;-16842496;-33619456;FlagEnd,True
17449,2930,1760,FlagBegin;-131071;-196606;-327676;-589816;-1114096;-2162656;-4259776;-8454016;-16842496;-33619456;FlagEnd,True
17451,2970,1760,FlagBegin;-131071;-196606;-327676;-589816;-1114096;-2162656;-4259776;-8454016;-16842496;-33619456;FlagEnd,True
17486,3670,1760,,True
17529,4530,1760,FlagBegin;-131071;-196606;-327676;-589816;-1114096;-2162656;-4259776;-8454016;-16842496;-33619456;FlagEnd,True
17543,4810,1760,,True
17563,5210,1760,,True
17588,5710,1760,FlagBegin;-131071;-196606;-327676,True
17590,5750,1760,FlagBegin;-131071;-196606;-327676,True
17594,5830,1760,FlagBegin;-131071;-196606;-327676,True
17596,5870,1760,FlagBegin;-131071;-196606;-327676;-589816;-1114096;-2162656;-4259776;-8454016;-16842496;-33619456;FlagEnd,True
17599,5930,1760,FlagBegin;-131071;-196606;-327676;-589816,True
17600,5950,1760,FlagBegin;-131071;-196606;-327676,True
17602,5990,1760,FlagBegin;-131071;-196606;-327676,True
17603,6010,1760,FlagBegin;-131071;-196606;-327676;-589816;-1114096;-2162656;-4259776;-8454016;-16842496;-33619456;FlagEnd,True
17606,6070,1760,FlagBegin;-131071;-196606;-327676;-589816,True
17608,6110,1760,FlagBegin;-131071;-196606;-327676;-589816,True
17609,6130,1760,,True
17611,6170,1760,FlagBegin;-131071;-196606;-327676;-589816;-1114096;-2162656;-4259776;-8454016;-16842496;-33619456;FlagEnd,True
17614,6230,1760,FlagBegin;-131071;-196606;-327676;-589816,True
17618,6310,1760,FlagBegin;-131071;-196606;-327676;-589816;-1114096;-2162656;-4259776;-8454016;-16842496;-33619456;FlagEnd,True
17620,6350,1760,FlagBegin;-131071;-196606;-327676;-589816;-1114096;-2162656;-4259776;-8454016;-16842496;-33619456;FlagEnd,True
17628,2550,1780,FlagBegin;-131071;-196606;-327676;-589816;-1114096;-2162656;-4259776;-8454016;-16842496;-33619456;FlagEnd,True
17647,2930,1780,FlagBegin;-131071;-196606;-327676;-589816;-1114096;-2162656;-4259776;-8454016;-16842496;-33619456;FlagEnd,True
17649,2970,1780,FlagBegin;-131071;-196606;-327676;-589816;-1114096;-2162656;-4259776;-8454016;-16842496;-33619456;FlagEnd,True
17652,3030,1780,FlagBegin;-131071;-196606;-327676;-589816;-1114096;-2162656;-4259776;-8454016;-16842496;-33619456,True
17656,3110,1780,FlagBegin;-131071;-196606;-327676;-589816;-1114096;-2162656;-4259776;-8454016;-16842496;-33619456;FlagEnd,True
17658,3150,1780,,True
17659,3170,1780,,True
17742,4830,1780,FlagBegin;-131071;-196606;-327676;-589816;-1114096;-2162656;-4259776;-8454016;-16842496;-33619456;FlagEnd,True
17764,5270,1780,FlagBegin;-131071;-196606;-327676;-589816;-1114096;-2162656;-4259776;-8454  6;-16842496;-33619456;FlagEnd
17823,2490,1800,FlagBegin;-131071;-196606;-327676;-589816;-1114096;-2162656;-4259776;-8454016;-16842496;-33619456;FlagEnd,True
17826,2550,1800,FlagBegin;-131071;-196606;-327676;-589816;-1114096;-2162656;-4259776;-8454016;-16842496;-,True
17827,2570,1800,FlagBegin;-131071;-196606;-327676;-589816;-1114096;-2162656;-4259776;-8454016;-16842496;-33619456;FlagEnd,True
17829,2610,1800,FlagBegin;-131071;-196606;-327676;-589816;-1114096;-2162656;-4259776;-8454016;-16842496;-33619456;FlagEnd,True
17831,2650,1800,FlagBegin;-131071;-196606;-327676;-589816;-1114096;-2162656;-4259776;-8454016;-16842496;-33619456;FlagEnd,True
17833,2690,1800,FlagBegin;-131071;-196606;-327676;-589816;-1114096;-2162656;-4259776;-8454016;-16842496;-33619456;FlagEnd,True
17836,2750,1800,FlagBegin;-131071;-196606;-327676;-589816;-1114096;-2162656;-4259776;-8454016;-16,True
17839,2810,1800,FlagBegin;-131071;-196606;-327676;-589816;-1114096;-2162656;-4259776;-8454016;-16842496;-,True
17841,2850,1800,FlagBegin;-131071;-196606;-327676;-589816;-1114096;-2162656;-4259776;-8454016;-16842496;-33619456;FlagEnd,True
17844,2910,1800,FlagBegin;-131071;-196606;-327676;-589816;-1114096;-2162656;-4259776;-8454016;-16842496;-33619456;FlagEnd,True
17845,2930,1800,,True
17867,3370,1800,FlagBegin;-131071;-196606;-327676;-589816;-1114096;-2162656;-4259776;-8454016;-16842496;-33619456;FlagEnd,True
17928,4590,1800,,True
17983,5690,1800,,True
17986,5750,1800,FlagBegin;-131071;-196606;-327676,True
17990,5830,1800,FlagBegin;-131071;-196606;-327676,True
17992,5870,1800,FlagBegin;-131071;-196606;-327676,True
17993,5890,1800,FlagBegin;-131071;-196606;-327676,True
17996,5950,1800,FlagBegin;-131071;-196606;-327676,True
17998,5990,1800,FlagBegin;-131071;-196606;-327676,True
18000,6030,1800,FlagBegin;-131071;-196606;-327676;-589816;-1114096;-2162656;-4259776;-8454016;-16842496;-33619456;FlagEnd,True
18002,6070,1800,FlagBegin;-131071;-196606;-327676;-589816;-1114096;-2162656;-4259776;-8454016;-16842496;-33619456;FlagEnd,True
18004,6110,1800,FlagBegin;-131071;-196606;-327676,True
18008,6190,1800,,True
18010,6230,1800,FlagBegin;-131071;-196606;-327676,True
18011,6250,1800,,True
18014,6310,1800,FlagBegin;-131071;-196606;-327676,True
18016,6350,1800,FlagBegin;-131071;-196606;-327676,True
18039,2850,1820,FlagBegin;-131071;-196606;-327676;-589816;-1114096;-2162656;-4259776;-8454016;-16842496;-33619456;FlagEnd,True
18042,2910,1820,FlagBegin;-131071;-196606;-327676;-589816;-1114096;-2162656;-4259776;-8454016;-16842496;-33619456;FlagEnd,True
18045,2970,1820,FlagBegin;-131071;-196606;-327676;-589816;-1114096;-2162656;-4259776;-8454016;-16842496;-33619456;FlagEnd,True
18048,3030,1820,FlagBegin;-131071;-196606;-327676;-589816;-1114096;-2162656;-4259776;-8454016;-16842496;-33619456;FlagEnd,True
18051,3090,1820,FlagBegin;-131071;-196606;-327676;-589816;-1114096;-2162656;-4259776;-8454016;-16842496;-33619456;FlagEnd,True
18054,3150,1820,FlagBegin;-131071;-196606;-327676;-589816;-1114096;-2162656;-4259776;-8454016;-16842496;-33619456;FlagEnd,True
18123,4530,1820,,True
18182,5710,1820,FlagBegin;-131071;-196606;-327676,True
18184,5750,1820,FlagBegin;-131071;-196606;-327676;-589816,True
18220,2510,1840,FlagBegin;-131071;-196606;-327676,True
18222,2550,1840,FlagBegin;-131071;-196606;-327676;-589816;-1114096;-2162656;-4259776;-8454016;-16842496;-33619456;FlagEnd,True
18223,2570,1840,FlagBegin;-131071;-196606;-327676;-589816;-1114096;-2162656;-4259776;-8454016;-16842496;-33619456;FlagEnd,True
18225,2610,1840,FlagBegin;-131071;-196606;-327676;-589816;-1114096;-2162656;-4259776;-8454016;-16842496;-33619456;FlagEnd,True
18228,2670,1840,FlagBegin;-131071;-196606;-327676;-589816;-1114096;-2162656;-4259776;-8454016;-16842496;-33619456;FlagEnd,True
18231,2730,1840,,True
18232,2750,1840,,True
18234,2790,1840,FlagBegin;-131071;-196606;-327676;-589816;-1114096;-2162656;-4259776;-8454016;-16842496;-33619456;FlagEnd,True
18238,2870,1840,,True
18240,2910,1840,FlagBegin;-131071;-196606;-327676;-589816;-1114096;-2162656;-4259776;-8454016;-16842496;-33619456;FlagEnd,True
18243,2970,1840,FlagBegin;-131071;-196606;-327676;-589816;-1114096;-2162656;-4259776;-8454016;-16842496;-33619456;FlagEnd,True
18245,3010,1840,FlagBegin;-131071;-196606;-327676;-589816;-1114096;-2162656;-4259776;-8454016;-16842496;-33619456;FlagEnd,True
18247,3050,1840,FlagBegin;-131071;-196606;-327676;-589816,True
18270,3510,1840,,True
18501,4170,1860,,True
18576,5670,1860,FlagBegin;-131071;-196606;-327676;-589816;-1114096;-2162656;-4259776;-8454016;-16842496;-33619456;FlagEnd,True
18578,5710,1860,FlagBegin;-131071;-196606;-327676;-589816;-1114096;-2162656;-4259776;-8454016;-16842496;-33619456;FlagEnd,True
18580,5750,1860,FlagBegin;-131071;-196606;-327676;-589816;-1114096;-2162656;-4259776;-8454016;-16842496;-33619456;FlagEnd,True
18584,5830,1860,FlagBegin;-131071;-196606;-327676;-589816;-1114096;-2162656;-4259776;-8454016;-16842496;-33619456;FlagEnd,True
18586,5870,1860,FlagBegin;-131071;-196606;-327676;-589816,True
18590,5950,1860,FlagBegin;-131071;-196606;-327676,True
18592,5990,1860,FlagBegin;-131071;-196606;-327676,True
18596,6070,1860,FlagBegin;-131071;-196606;-327676;-589816,True
18598,6110,1860,,True
18601,6170,1860,,True
18604,6230,1860,FlagBegin;-131071;-196606;-327676;-589816,True
18608,6310,1860,FlagBegin;-131071;-196606;-327676;-589816;-1114096;-2162656;-4259776;-8454016;-16842496;-33619456;FlagEnd,True
18610,6350,1860,FlagBegin;-131071;-196606;-327676,True
18649,3170,1880,FlagBegin;-131071;-196606;-327676;-589816;-1114096;-2162656;-4259776;-8454016;-16842496;-33619456;FlagEnd,True
18775,5690,1880,FlagBegin;-131071;-196606;-327676;-589816,True
18778,5750,1880,,True
18780,5790,1880,FlagBegin;-131071;-196606;-327676;-589816;-1114096;-2162656;-4259776;-8454016;-16842496;-33619456;FlagEnd,True
18782,5830,1880,FlagBegin;-131071;-196606;-327676,True
18784,5870,1880,FlagBegin;-131071;-196606;-327676,True
18785,5890,1880,FlagBegin;-131071;-196606;-327676;-589816;-1114096;-2162656;-4259776;-8454016;-16842496;-33619456;FlagEnd,True
18788,5950,1880,FlagBegin;-131071;-196606;-327676;-589816;-1114096;-2162656;-4259776;-8454016;-16842496;-33619456;FlagEnd,True
18790,5990,1880,FlagBegin;-131071;-196606;-327676;-589816;-1114096;-21626,True
18792,6030,1880,FlagBegin;-131071;-196606;-327676;-589816;-1114096;-2162656;-4259776;-8454016;-16842496;-33619456;FlagEnd,True
18800,6190,1880,FlagBegin;-131071;-196606;-327676;-589816;-1114096;-2162656;-4259776;-8454016;-16842496;-33619456;FlagEnd,True
18802,6230,1880,,True
18813,2490,1900,FlagBegin;-131071;-196606;-327676;-589816;-1114096;-2162656;-4259776;-8454016;-16842496;-33619456;FlagEnd,True
18816,2550,1900,,True
18817,2570,1900,FlagBegin;-131071;-196606;-327676;-589816;-1114096;-2162656;-4259776;-8454016;-16842496;-33619456;FlagEnd,True
18820,2630,1900,FlagBegin;-131071;-196606;-327676;-589816;-1114096;-2162656;-4259776;-8454016;-16842496;-33619456;FlagEnd,True
18869,3610,1900,,True
18972,5670,1900,FlagBegin;-131071;-196606;-327676;-589816,True
18974,5710,1900,,True
18976,5750,1900,FlagBegin;-131071;-196606;-327676,True
18980,5830,1900,FlagBegin;-131071;-196606;-327676,True
18982,5870,1900,FlagBegin;-131071;-196606;-327676,True
18986,5950,1900,FlagBegin;-131071;-196606;-327676,True
18988,5990,1900,FlagBegin;-131071;-196606;-327676,True
18989,6010,1900,FlagBegin;-131071;-196606;-327676;-589816;-1114096;-2162656;-4259776;-8454016;-16842496;-33619456;FlagEnd,True
18992,6070,1900,,True
18994,6110,1900,FlagBegin;-131071;-196606;-327676,True
18998,6190,1900,FlagBegin;-131071;-196606;-327676;-589816,True
19000,6230,1900,FlagBegin;-131071;-196606;-327676,True
19002,6270,1900,FlagBegin;-131071;-196606;-327676;-589816;-1114096;-2162656;-4259776;-8454016;-16842496;-33619456;FlagEnd,True
19006,6350,1900,FlagBegin;-131071;-196606;-327676;-589816;-1114096;-2162656;-4259776;-8454016;-16842496;-33619456;FlagEnd,True
19007,6370,1900,,True
19171,5690,1920,FlagBegin;-131071;-196606;-327676;-589816;-1114096;-2162656;-4259776;-8454016;-16842496;-33619456;FlagEnd,True
19174,5750,1920,FlagBegin;-131071;-196606;-327676,True
19176,5790,1920,FlagBegin;-131071;-196606;-327676;-589816;-1114096;-2162656;-4259776;-8454016;-16,True
19178,5830,1920,FlagBegin;-131071;-196606;-327676;-589816;-1114096;-2162656;-4259776;-8454016;-16842496;-33619456;FlagEnd,True
19180,5870,1920,FlagBegin;-131071;-196606;-327676;-589816;-1114096;-2162656;-4259776;-8454016;-16842496;-33619456;FlagEnd,True
19184,5950,1920,FlagBegin;-131071;-196606;-327676;-589816;-1114096;-2162656;-4259776;-845,True
19186,5990,1920,FlagBegin;-131071;-196606;-327676,True
19188,6030,1920,FlagBegin;-131071;-196606;-327676;-589816,True
19192,6110,1920,FlagBegin;-131071;-196606;-327676,True
19198,6230,1920,FlagBegin;-131071;-196606;-327676,True
19209,2490,1940,FlagBegin;-131071;-196606;-327676;-589816;-1114096;-2162656;-4259776;-8454016;-16842496;-33619456;FlagEnd,True
19212,2550,1940,FlagBegin;-131071;-196606;-327676;-589816;-1114096;-2162656;-4259776;-8454016;-16842496;-33619456;FlagEnd,True
19215,2610,1940,FlagBegin;-131071;-196606;-327676;-589816;-1114096;-2162656;-4259776;-8454016;-16842496;-33619456;FlagEnd,True
19217,2650,1940,FlagBegin;-131071;-196606;-327676;-589816,True
19220,2710,1940,FlagBegin;-131071;-196606;-327676;-589816;-1114096;-2162656;-4259776;-8454016;-16842496;-33619456;FlagEnd,True
19222,2750,1940,FlagBegin;-131071;-196606;-327676;-589816;-1114096;-2162656;-4259776;-8454016;-16842496;-33619456;FlagEnd,True
19224,2790,1940,FlagBegin;-131071;-196606;-327676;-589816;-1114096;-2162656;-4259776;-8454016;-16842496;-33619456;FlagEnd,True
19229,2890,1940,,True
19231,2930,1940,FlagBegin;-131071;-196606;-327676;-589816;-1114096;-2162656;-4259776;-8454016;-16842496;-33619456;FlagEnd,True
19232,2950,1940,,True
19234,2990,1940,FlagBegin;-131071;-196606;-327676;-589816;-1114096;-2162656;-4259776;-8454016;-16842496;-33619456;FlagEnd,True
19236,3030,1940,FlagBegin;-131071;-196606;-327676;-589816;-1114096;-2162656;-4259776;-8454016;-16842496;-33619456;FlagEnd,True
19238,3070,1940,FlagBegin;-131071;-196606;-327676;-589816;-1114096;-2162656;-4259776;-8454016;-16842496;-33619456;FlagEnd,True
19240,3110,1940,FlagBegin;-131071;-196606;-327676;-589816;-1114096;-2162656;-4259776;-8454016;-16842496;-33619456;FlagEnd,True
19243,3170,1940,FlagBegin;-131071;-196606;-327676;-589816;-1114096;-2162656;-4259776;-8454016;-16842496;-33619456;FlagEnd,True
19369,5690,1940,FlagBegin;-131071;-196606;-327676;-589816;-1114096;-2162656;-4259776;-8454016;-16842496;-33619456;FlagEnd,True
19372,5750,1940,FlagBegin;-131071;-196606;-327676,True
19376,5830,1940,FlagBegin;-131071;-196606;-327676;-589816;-1114096;-2162656;-4259776;-8454016;-16842496;-33619456;FlagEnd,True
19410,2550,1960,FlagBegin;-131071;-196606;-327676;-589816;-1114096;-2162656;-4259776;-8454016;-16842496;-33619456;FlagEnd,True
19511,4570,1960,,True
19591,6170,1960,,True
19594,6230,1960,FlagBegin;-131071;-196606;-327676;-589816;-1114096;-2162656;-4259776;-8454016;-16842496;-33619456;FlagEnd,True
19606,2510,1980,FlagBegin;-131071;-196606;-327676;-589816;-1114096;-2162656;-4259776;-8454016;-16842496;-33619456;FlagEnd,True
19607,2530,1980,,True
19609,2570,1980,FlagBegin;-131071;-196606;-327676;-589816;-1114096;-2162656;-4259776;-8454016;-16842496;-33619456;FlagEnd,True
19611,2610,1980,FlagBegin;-131071;-196606;-327676;-589816;-1114096;-2162656;-4259776;-8454016;-16842496;-33619456;FlagEnd,True
19613,2650,1980,FlagBegin;-131071;-196606;-327676;-589816;-1114096;-2162656;-4259776;-8454016;-16842496;-33619456;FlagEnd,True
19615,2690,1980,FlagBegin;-131071;-196606;-327676;-589816;-1114096;-2162656;-4259776;-8454016;-16842496;-33619456;FlagEnd,True
19617,2730,1980,FlagBegin;-131071;-196606;-327676;-589816;-1114096;-2162656;-4259776;-8454016;-16842496;-33619456;FlagEnd,True
19619,2770,1980,FlagBegin;-131071;-196606;-327676;-589816;-1114096;-2162656;-4259776;-8454016;-16842496;-33619456;FlagEnd,True
19621,2810,1980,,True
19623,2850,1980,FlagBegin;-131071;-196606;-327676;-589816;-1114096;-2162656;-4259776;-8454016;-16842496;-33619456;FlagEnd,True
19627,2930,1980,FlagBegin;-131071;-196606;-327676;-589816;-1114096;-2162656;-4259776;-8454016;-16842496;-33619456;FlagEnd,True
19769,5770,1980,FlagBegin;-131071;-196606;-327676;-589816;-1114096;-2162656;-4259776;-8454016;-16842496;-33619456;FlagEnd,True
19780,5990,1980,FlagBegin;-131071;-196606;-327676;-589816;-1114096;-2162656;-4259776;-8454016;-16842496;-33619456;FlagEnd,True
19781,6010,1980,,True
19785,6090,1980,,True
19788,6150,1980,FlagBegin;-131071;-196606;-327676;-589816;-1114096;-2162656;-4259776;-8454016;-16842496;-33619456;FlagEnd,True
19790,6190,1980,,True
19792,6230,1980,FlagBegin;-131071;-196606;-327676;-589816;-1114096;-2162656;-4259776;-8454016;-16842496;-33619456;FlagEnd,True
19793,6250,1980,FlagBegin;-131071;-196606;-327676,True
19796,6310,1980,,True
19798,6350,1980,FlagBegin;-131071;-196606;-327676;-589816;-1114096;-2162656;-4259776;-8454016;-16842496;-33619456;FlagEnd,True
19966,5750,2000,FlagBegin;-131071;-196606;-327676,True
19969,5810,2000,FlagBegin;-131071;-196606;-327676;-589816;-1114096;-2162656;-4259776;-8454016;-16842496;-33619456;FlagEnd,True
20001,2490,2020,FlagBegin;-131071;-196606;-327676,True
20003,2530,2020,FlagBegin;-131071;-196606;-327676;-589816;-1114096;-2162656;-4259776;-8454016;-16842496;-33619456;FlagEnd,True
20005,2570,2020,FlagBegin;-131071;-196606;-327676;-589816;-1114096;-2162656;-4259776;-8454016;-16842496;-33619456;FlagEnd,True
20008,2630,2020,FlagBegin;-131071;-196606;-327676;-589816;-1114096;-2162656;-4259776;-8454016;-16842496;-33619456;FlagEnd,True
20011,2690,2020,FlagBegin;-131071;-196606;-327676;-589816;-1114096;-2162656;-4259776;-8454016;-16842496;-33619456;FlagEnd,True
20021,2890,2020,,True
20023,2930,2020,FlagBegin;-131071;-196606;-327676;-589816;-1114096;-2162656;-4259776;-8454016;-16842496;-33619456;FlagEnd,True
20025,2970,2020,FlagBegin;-131071;-196606;-327676;-589816;-1114096;-2162656;-4259776;-8454016;-16842496;-33619456;FlagEnd,True
20054,3550,2020,,True
20083,4130,2020,FlagBegin;-131071;-196606;-327676;-589816;-1114096;-2162656;-4259776;-8454016;-16842496;-33619456;FlagEnd,True
20369,5890,2040,FlagBegin;-131071;-196606;-327676;-589816;-1114096;-2162656;-4259776;-8454016;-16842496;-33619456;FlagEnd,True
20372,5950,2040,FlagBegin;-131071;-196606;-327676;-589816;-1114096;-2162656;-4259776;-8454016;-16842496;-33619456;FlagEnd,True
20374,5990,2040,FlagBegin;-131071;-196606;-327676;-589816;-1114096;-2162656;-4259776;-8454016;-16842496;-33619456;FlagEnd,True
20375,6010,2040,,True
20379,6090,2040,,True
20381,6130,2040,FlagBegin;-131071;-196606;-327676;-589816;-1114096;-2162656;-4259776;-8454016;-16842496;-33619456;FlagEnd,True
20382,6150,2040,,True
20384,6190,2040,,True
20386,6230,2040,FlagBegin;-131071;-196606;-327676;-589816;-1114096;-2162656;-4259776;-8454016;-16842496;-33619456,True
20388,6270,2040,,True
20390,6310,2040,,True
20392,6350,2040,FlagBegin;-131071;-196606;-327676;-589816;-1114096;-2162656;-4259776;-8454016;-16842496;-33619456;FlagEnd,True
20453,3610,2060,FlagBegin;-131071;-196606;-327676;-589816;-1114096;-2162656;-4259776;-8454016;-16842496;-33619456;FlagEnd,True
20558,5710,2060,FlagBegin;-131071;-196606;-327676;-589816;-1114096;-2162656;-4259776;-8454016;-16842496;-33619456;FlagEnd,True
20561,5770,2060,FlagBegin;-131071;-196606;-327676;-589816;-1114096;-2162656;-4259776;-8454016;-16842496;-33619456;FlagEnd,True
20564,5830,2060,FlagBegin;-131071;-196606;-327676;-589816;-1114096;-2162656;-4259776;-8454016;-16842496;-33619456;FlagEnd,True
20567,5890,2060,FlagBegin;-131071;-196606;-327676;-589816;-1114096;-2162656;-4259776;-8454016;-16842496;-33619456;FlagEnd,True
20570,5950,2060,FlagBegin;-131071;-196606;-327676;-589816,True
20572,5990,2060,FlagBegin;-131071;-196606;-327676;-589816;-1114096;-2162656;-4259776;-8454016;-16842496;-33619456;FlagEnd,True
20573,6010,2060,FlagBegin;-131071;-196606;-327676,True
20576,6070,2060,FlagBegin;-131071;-196606;-327676;-589816;-1114096;-2162656;-4259776;-8454016;-16842496;-33619456;FlagEnd,True
20578,6110,2060,FlagBegin;-131071;-196606;-327676;-589816,True
20582,6190,2060,FlagBegin;-131071;-196606;-327676;-589816;-1114096;-2162656;-4259776;-8454016;-16842496;-33619456;FlagEnd,True
20584,6230,2060,FlagBegin;-131071;-196606;-327676;-589816;-1114096;-2162656;-4259776;-8454016;-16842496;-33619456;FlagEnd,True
20588,6310,2060,,True
20590,6350,2060,FlagBegin;-131071;-196606;-327676;-589816;-1114096;-2162656;-4259776;-8454016;-16842496;-33619456;FlagEnd,True
20598,2550,2080,FlagBegin;-131071;-196606;-327676;-589816;-1114096;-2162656;-4259776;-8454016;-16842496;-33619456;FlagEnd,True
20602,2630,2080,FlagBegin;-131071;-196606;-327676;-589816;-1114096;-2162656;-4259776;-8454016;-16842496;-33619456;FlagEnd,True
20605,2690,2080,FlagBegin;-131071;-196606;-327676;-589816;-1114096;-2162656;-4259776;-8454016;-16842496;-33619456;FlagEnd,True
20607,2730,2080,FlagBegin;-131071;-196606;-327676;-589816;-1114096;-2162656;-4259776;-8454016;-16,True
20609,2770,2080,FlagBegin;-131071;-196606;-327676;-589816;-1114096;-2162656;-4259776;-8454016;-16842496;-33619456;FlagEnd,True
20611,2810,2080,FlagBegin;-131071;-196606;-327676;-589816;-1114096;-2162656;-4259776;-8454016;-16842496;-33619456;FlagEnd,True
20614,2870,2080,,True
20617,2930,2080,,True
20620,2990,2080,FlagBegin;-131071;-196606;-327676;-589816;-1114096;-2162656;-4259776;-8454016;-16842496;-33619456;FlagEnd,True
20623,3050,2080,FlagBegin;-131071;-196606;-327676;-589816;-1114096;-2162656;-4259776;-8454016;-16842496;-33619456;FlagEnd,True
20626,3110,2080,FlagBegin;-131071;-196606;-327676;-589816;-1114096;-2162656;-4259776;-8454016;-16842496;-33619456;FlagEnd,True
20629,3170,2080,FlagBegin;-131071;-196606;-327676;-589816;-1114096;-2162656;-4259776;-8454016;-16,True
20735,5290,2080,,True
20759,5770,2080,,True
20762,5830,2080,FlagBegin;-131071;-196606;-327676;-589816;-1114096;-2162656;-4259776;-8454016;-16842496;-33619456;FlagEnd,True
20764,5870,2080,,True
